"y", "y+", "Y+ch", "Y+hw", "Y+tl", "<u>", "<u>_f", "u+", "U+vd", "U+vs", "U+tl", "<rho>", "<P>", "<T>", "<T>_f", "mu", "<u''u''>_f", "<v''v''>_f", "<w''w''>_f", "<u''v''>_f", "<rho*u''u''>/tau_w", "<rho*v''v''>/tau_w", "<rho*w''w''>/tau_w", "<rho*u''v''>/tau_w", "<rho'rho'>", "<P'P'>", "<T''T''>_f", "<T''v''>_f",
+0.00000000e+00, +0.00000000e+00, +0.00000000e+00, +0.00000000e+00, +0.00000000e+00, +0.00000000e+00, +0.00000000e+00, +0.00000000e+00, +0.00000000e+00, +0.00000000e+00, +0.00000000e+00, +1.45694177e+00, +3.60156006e-01, +1.00000000e+00, +1.00000000e+00, +1.00000000e-04, +0.00000000e+00, +0.00000000e+00, +0.00000000e+00, +0.00000000e+00, +0.00000000e+00, +0.00000000e+00, +0.00000000e+00, +0.00000000e+00, +0.00000000e+00, +0.00000000e+00, +0.00000000e+00, +0.00000000e+00,
+1.39645310e-03, +9.25921635e-01, +9.14424096e-01, +9.13167098e-01, +8.90401911e-01, +4.21437248e-02, +4.19538285e-02, +9.26034646e-01, +9.19612055e-01, +9.37826435e-01, +9.01850025e-01, +1.41680313e+00, +3.62118908e-01, +1.03409969e+00, +1.03393498e+00, +1.02546727e-04, +2.97236256e-04, +1.16983408e-07, +7.23075319e-05, -1.62273130e-06, +1.39558962e-01, +5.49262840e-05, +3.39499772e-02, -7.61908050e-04, +9.09426383e-04, +4.22585265e-05, +1.98127125e-04, -1.19414629e-06,
+4.23185260e-03, +2.80594019e+00, +2.71030213e+00, +2.69260340e+00, +2.51804839e+00, +1.22807728e-01, +1.21411886e-01, +2.69848504e+00, +2.64383502e+00, +2.79412699e+00, +2.50896238e+00, +1.34118569e+00, +3.62113136e-01, +1.09324357e+00, +1.09221192e+00, +1.06914768e-04, +2.31321391e-03, +2.87005475e-06, +4.04347804e-04, -2.95674720e-05, +1.02813738e+00, +1.27563238e-03, +1.79717530e-01, -1.31416394e-02, +2.14737073e-03, +4.20606700e-05, +1.18732286e-03, -1.92659189e-05,
+7.12473020e-03, +4.72406974e+00, +4.47401226e+00, +4.41937356e+00, +4.00448317e+00, +1.99592036e-01, +1.96573015e-01, +4.38568592e+00, +4.24456268e+00, +4.62959261e+00, +3.93133761e+00, +1.28199852e+00, +3.62096251e-01, +1.14460769e+00, +1.14258380e+00, +1.10660465e-04, +5.60400398e-03, +1.42945396e-05, +8.22854797e-04, -1.13813596e-04, +2.38085200e+00, +6.07301198e-03, +3.49588526e-01, -4.83535216e-02, +3.28871873e-03, +4.22767946e-05, +2.38749380e-03, -6.82968270e-05,
+1.00760789e-02, +6.68096870e+00, +6.21763949e+00, +6.10974194e+00, +5.40293177e+00, +2.71448916e-01, +2.66868930e-01, +5.96461519e+00, +5.71196849e+00, +6.40200580e+00, +5.19794809e+00, +1.23501269e+00, +3.62063148e-01, +1.18877435e+00, +1.18594478e+00, +1.13847780e-04, +9.46016480e-03, +3.95511958e-05, +1.24245463e-03, -2.63057431e-04, +3.87183252e+00, +1.61874142e-02, +5.08508715e-01, -1.07663485e-01, +4.00256321e-03, +4.25219589e-05, +3.43255462e-03, -1.47848078e-04,
+1.30869015e-02, +8.67730197e+00, +7.95093589e+00, +7.77625242e+00, +6.75053829e+00, +3.37304311e-01, +3.31480354e-01, +7.41167232e+00, +7.03405611e+00, +8.06888820e+00, +6.32316181e+00, +1.19745565e+00, +3.62012988e-01, +1.22632781e+00, +1.22297136e+00, +1.16534610e-04, +1.32332264e-02, +8.20177201e-05, +1.64221164e-03, -4.64166649e-04, +5.25135795e+00, +3.25471955e-02, +6.51680918e-01, -1.84195838e-01, +4.31848994e-03, +4.31567891e-05, +4.17964339e-03, -2.47783762e-04,
+1.61582101e-02, +1.07137406e+01, +9.68189563e+00, +9.42890624e+00, +8.07335888e+00, +3.96573278e-01, +3.89895395e-01, +8.71400422e+00, +8.20724547e+00, +9.60119485e+00, +7.31851062e+00, +1.16728081e+00, +3.61944340e-01, +1.25797284e+00, +1.25434795e+00, +1.18782769e-04, +1.65032701e-02, +1.42192461e-04, +2.01815454e-03, -6.94057604e-04, +6.38398403e+00, +5.50045169e-02, +7.80685662e-01, -2.68483315e-01, +4.34919707e-03, +4.38071013e-05, +4.61863741e-03, -3.55173531e-04,
+1.92910258e-02, +1.27909617e+01, +1.14170814e+01, +1.10757732e+01, +9.38948241e+00, +4.49180856e-01, +4.42018089e-01, +9.86996373e+00, +9.23650402e+00, +1.09850987e+01, +8.19534963e+00, +1.14291076e+00, +3.61859359e-01, +1.28448435e+00, +1.28079338e+00, +1.20655357e-04, +1.90822308e-02, +2.20319475e-04, +2.37141550e-03, -9.31716653e-04, +7.22749674e+00, +8.34471770e-02, +8.98186274e-01, -3.52892654e-01, +4.20153779e-03, +4.47732817e-05, +4.80075810e-03, -4.59818204e-04,
+2.24863787e-02, +1.49096483e+01, +1.31618748e+01, +1.27233911e+01, +1.07112180e+01, +4.95440781e-01, +4.88090928e-01, +1.08864447e+01, +1.01328795e+01, +1.22194530e+01, +8.96539741e+00, +1.12310008e+00, +3.61757911e-01, +1.30663886e+00, +1.30302025e+00, +1.22212794e-04, +2.09452478e-02, +3.14582914e-04, +2.70114232e-03, -1.16049585e-03, +7.79561539e+00, +1.17084669e-01, +1.00533862e+00, -4.31925148e-01, +3.95633522e-03, +4.57214291e-05, +4.79384960e-03, -5.54431106e-04,
+2.57453073e-02, +1.70704888e+01, +1.49206899e+01, +1.43770700e+01, +1.20468722e+01, +5.35900409e-01, +5.28588655e-01, +1.17754742e+01, +1.09106072e+01, +1.33117250e+01, +9.64055031e+00, +1.10687821e+00, +3.61643629e-01, +1.32515692e+00, +1.32169904e+00, +1.23509532e-04, +2.21587143e-02, +4.23803676e-04, +3.00701664e-03, -1.37106483e-03, +8.12813366e+00, +1.55457256e-01, +1.10301676e+00, -5.02926208e-01, +3.66643330e-03, +4.69006377e-05, +4.66055931e-03, -6.35672857e-04,
+2.90688580e-02, +1.92741772e+01, +1.66971591e+01, +1.60411379e+01, +1.34019201e+01, +5.71213213e-01, +5.64093429e-01, +1.25514113e+01, +1.15848789e+01, +1.42742839e+01, +1.02324277e+01, +1.09347829e+00, +3.61516869e-01, +1.34067574e+00, +1.33742674e+00, +1.24592760e-04, +2.28268018e-02, +5.45140721e-04, +3.28743094e-03, -1.55813560e-03, +8.27183137e+00, +1.97544630e-01, +1.19127833e+00, -5.64627278e-01, +3.36548719e-03, +4.80144908e-05, +4.45031295e-03, -7.02060611e-04,
+3.24580854e-02, +2.15214127e+01, +1.84942897e+01, +1.77191440e+01, +1.47800266e+01, +6.02047796e-01, +5.95222588e-01, +1.32289474e+01, +1.21703473e+01, +1.51215251e+01, +1.07519944e+01, +1.08231254e+00, +3.61382090e-01, +1.35373738e+00, +1.35072064e+00, +1.25502047e-04, +2.30605992e-02, +6.76763605e-04, +3.54182653e-03, -1.72113042e-03, +8.27122279e+00, +2.42737082e-01, +1.27035885e+00, -6.17323644e-01, +3.07174593e-03, +4.92660470e-05, +4.19881689e-03, -7.54356252e-04,
+3.59140511e-02, +2.38128992e+01, +2.03145933e+01, +1.94140217e+01, +1.61835503e+01, +6.29034769e-01, +6.22562800e-01, +1.38219389e+01, +1.26803330e+01, +1.58680186e+01, +1.12092178e+01, +1.07291571e+00, +3.61239658e-01, +1.36479339e+00, +1.36201354e+00, +1.26269999e-04, +2.29625048e-02, +8.15542479e-04, +3.76976097e-03, -1.86052352e-03, +8.16453218e+00, +2.89973715e-01, +1.34037358e+00, -6.61526445e-01, +2.79594764e-03, +5.04009473e-05, +3.93027125e-03, -7.93587892e-04,
+3.94378239e-02, +2.61493454e+01, +2.21601905e+01, +2.11282216e+01, +1.76141347e+01, +6.52740178e-01, +6.46653546e-01, +1.43428238e+01, +1.31264963e+01, +1.65274408e+01, +1.16129759e+01, +1.06493743e+00, +3.61094280e-01, +1.37421268e+00, +1.37166523e+00, +1.26923037e-04, +2.26202445e-02, +9.59536259e-04, +3.97231256e-03, -1.97896913e-03, +7.98303122e+00, +3.38635063e-01, +1.40189003e+00, -6.98408560e-01, +2.54190801e-03, +5.15859083e-05, +3.66026282e-03, -8.21797375e-04,
+4.30304790e-02, +2.85314641e+01, +2.40328940e+01, +2.28638151e+01, +1.90728288e+01, +6.73656480e-01, +6.67963975e-01, +1.48024230e+01, +1.35187987e+01, +1.71120635e+01, +1.19709705e+01, +1.05809592e+00, +3.60945947e-01, +1.38229425e+00, +1.37996715e+00, +1.27482441e-04, +2.21061903e-02, +1.10583543e-03, +4.15108394e-03, -2.07849752e-03, +7.75149347e+00, +3.87759083e-01, +1.45556966e+00, -7.28821189e-01, +2.31174197e-03, +5.26133373e-05, +3.39837374e-03, -8.40522764e-04,
+4.66930976e-02, +3.09599723e+01, +2.59342753e+01, +2.46225781e+01, +2.05604816e+01, +6.92204215e-01, +6.86903159e-01, +1.52099770e+01, +1.38656303e+01, +1.76326070e+01, +1.22898445e+01, +1.05218337e+00, +3.60799181e-01, +1.38927816e+00, +1.38715736e+00, +1.27965206e-04, +2.14779673e-02, +1.25276112e-03, +4.30828240e-03, -2.16212198e-03, +7.48912449e+00, +4.36823647e-01, +1.50224939e+00, -7.53907501e-01, +2.10440420e-03, +5.36237156e-05, +3.15006366e-03, -8.51748504e-04,
+5.04267666e-02, +3.34355906e+01, +2.78657156e+01, +2.64060543e+01, +2.20776387e+01, +7.08738364e-01, +7.03814629e-01, +1.55732860e+01, +1.41739971e+01, +1.80982786e+01, +1.25752265e+01, +1.04702633e+00, +3.60653351e-01, +1.39535737e+00, +1.39342627e+00, +1.28384939e-04, +2.07806849e-02, +1.39794478e-03, +4.44595881e-03, -2.23171428e-03, +7.21047539e+00, +4.85058433e-01, +1.54265736e+00, -7.74359508e-01, +1.91921524e-03, +5.44566318e-05, +2.91813226e-03, -8.56736158e-04,
+5.42325779e-02, +3.59590431e+01, +2.98284460e+01, +2.82156053e+01, +2.36248643e+01, +7.23557994e-01, +7.18993959e-01, +1.58989215e+01, +1.44497495e+01, +1.85169440e+01, +1.28319264e+01, +1.04250010e+00, +3.60512511e-01, +1.40068675e+00, +1.39892961e+00, +1.28752526e-04, +2.00482216e-02, +1.54020266e-03, +4.56613701e-03, -2.28974828e-03, +6.92625377e+00, +5.32108769e-01, +1.57750769e+00, -7.91061572e-01, +1.75382931e-03, +5.52337119e-05, +2.70359080e-03, -8.56999298e-04,
+5.81116278e-02, +3.85310566e+01, +3.18235783e+01, +3.00524474e+01, +2.52025063e+01, +7.36914574e-01, +7.32687592e-01, +1.61924090e+01, +1.46977707e+01, +1.88952924e+01, +1.30640007e+01, +1.03849366e+00, +3.60375339e-01, +1.40539163e+00, +1.40379226e+00, +1.29076747e-04, +1.93057532e-02, +1.67783434e-03, +4.67082248e-03, -2.33762571e-03, +6.64411346e+00, +5.77430033e-01, +1.60747287e+00, -8.04498548e-01, +1.60681097e-03, +5.58356081e-05, +2.50639707e-03, -8.53383943e-04,
+6.20650167e-02, +4.11523607e+01, +3.38521285e+01, +3.19176813e+01, +2.68110183e+01, +7.49021315e-01, +7.45109219e-01, +1.64584334e+01, +1.49221740e+01, +1.92390511e+01, +1.32749415e+01, +1.03493016e+00, +3.60245396e-01, +1.40957386e+00, +1.40811792e+00, +1.29364725e-04, +1.85707791e-02, +1.81015044e-03, +4.76178009e-03, -2.37716580e-03, +6.36923989e+00, +6.20829225e-01, +1.63315279e+00, -8.15299086e-01, +1.47571330e-03, +5.63655964e-05, +2.32574838e-03, -8.46909460e-04,
+6.60938482e-02, +4.38236873e+01, +3.59150343e+01, +3.38123132e+01, +2.84506443e+01, +7.60059334e-01, +7.56438436e-01, +1.67009746e+01, +1.51264344e+01, +1.95531262e+01, +1.34677167e+01, +1.03173467e+00, +3.60120844e-01, +1.41331720e+00, +1.41199079e+00, +1.29622300e-04, +1.78550291e-02, +1.93598650e-03, +4.84039495e-03, -2.40929114e-03, +6.10485042e+00, +6.61937203e-01, +1.65498959e+00, -8.23765784e-01, +1.35903663e-03, +5.67341013e-05, +2.16050243e-03, -8.38072995e-04,
+7.01992285e-02, +4.65457697e+01, +3.80131696e+01, +3.57372721e+01, +3.01217979e+01, +7.70182788e-01, +7.66831506e-01, +1.69234198e+01, +1.53134953e+01, +1.98417227e+01, +1.36448933e+01, +1.02885907e+00, +3.60004904e-01, +1.41669027e+00, +1.41548136e+00, +1.29854252e-04, +1.71656218e-02, +2.05497903e-03, +4.90748306e-03, -2.43536125e-03, +5.85277559e+00, +7.00663874e-01, +1.67325119e+00, -8.30358668e-01, +1.25470818e-03, +5.70252640e-05, +2.00938608e-03, -8.27582330e-04,
+7.43822659e-02, +4.93193429e+01, +4.01473559e+01, +3.76934241e+01, +3.18247029e+01, +7.79521205e-01, +7.76417789e-01, +1.71286152e+01, +1.54858206e+01, +2.01083934e+01, +1.38086224e+01, +1.02625145e+00, +3.59895395e-01, +1.41974921e+00, +1.41864632e+00, +1.30064482e-04, +1.65069773e-02, +2.16635514e-03, +4.96381316e-03, -2.45611487e-03, +5.61394014e+00, +7.36766510e-01, +1.68816794e+00, -8.35312341e-01, +1.16150130e-03, +5.71700147e-05, +1.87120222e-03, -8.15772729e-04,
+7.86440702e-02, +5.21451426e+01, +4.23183718e+01, +3.96815845e+01, +3.35598118e+01, +7.88183418e-01, +7.85308504e-01, +1.73189521e+01, +1.56454740e+01, +2.03561366e+01, +1.39607427e+01, +1.02388239e+00, +3.59795211e-01, +1.42253968e+00, +1.42153295e+00, +1.30256163e-04, +1.58814321e-02, +2.27004107e-03, +5.01003154e-03, -2.47261349e-03, +5.38872693e+00, +7.70247381e-01, +1.69995324e+00, -8.38982205e-01, +1.07780264e-03, +5.72357121e-05, +1.74477524e-03, -8.03131787e-04,
+8.29857514e-02, +5.50239049e+01, +4.45269605e+01, +4.17025257e+01, +3.53273659e+01, +7.96261298e-01, +7.93595954e-01, +1.74964494e+01, +1.57941927e+01, +2.05874937e+01, +1.41027955e+01, +1.02171451e+00, +3.59701819e-01, +1.42509929e+00, +1.42417939e+00, +1.30431904e-04, +1.52901365e-02, +2.36567880e-03, +5.04689709e-03, -2.48531077e-03, +5.17710967e+00, +8.00998644e-01, +1.70883627e+00, -8.41505007e-01, +1.00264642e-03, +5.71698432e-05, +1.62901661e-03, -7.89818908e-04,
+8.74084198e-02, +5.79563660e+01, +4.67738360e+01, +4.37569849e+01, +3.71278435e+01, +8.03834899e-01, +8.01362430e-01, +1.76628661e+01, +1.59334857e+01, +2.08046889e+01, +1.42361494e+01, +1.01972944e+00, +3.59617749e-01, +1.42745934e+00, +1.42661827e+00, +1.30593873e-04, +1.47331986e-02, +2.45350525e-03, +5.07504856e-03, -2.49481200e-03, +4.97884312e+00, +8.29121906e-01, +1.71502952e+00, -8.43080848e-01, +9.34813185e-04, +5.70278250e-05, +1.52288082e-03, -7.76086070e-04,
+9.19131843e-02, +6.09432611e+01, +4.90596870e+01, +4.58456684e+01, +3.89614709e+01, +8.10974219e-01, +8.08678403e-01, +1.78197401e+01, +1.60646687e+01, +2.10096745e+01, +1.43619881e+01, +1.01789835e+00, +3.59540239e-01, +1.42964633e+00, +1.42887655e+00, +1.30743905e-04, +1.42105380e-02, +2.53346312e-03, +5.09524166e-03, -2.50129119e-03, +4.79359535e+00, +8.54605014e-01, +1.71876158e+00, -8.43752561e-01, +8.73588808e-04, +5.67716053e-05, +1.42542416e-03, -7.61947010e-04,
+9.65011524e-02, +6.39853245e+01, +5.13851803e+01, +4.79692558e+01, +4.08287390e+01, +8.17739273e-01, +8.15605741e-01, +1.79683904e+01, +1.61888672e+01, +2.12041294e+01, +1.44813477e+01, +1.01620991e+00, +3.59471632e-01, +1.43168248e+00, +1.43097752e+00, +1.30883537e-04, +1.37217765e-02, +2.60591745e-03, +5.10790668e-03, -2.50519444e-03, +4.62104509e+00, +8.77587683e-01, +1.72017574e+00, -8.43667472e-01, +8.18087209e-04, +5.64491661e-05, +1.33577755e-03, -7.47569219e-04,
+1.01173429e-01, +6.70832887e+01, +5.37509639e+01, +5.01284035e+01, +4.27298846e+01, +8.24180295e-01, +8.22195153e-01, +1.81099206e+01, +1.63070222e+01, +2.13894615e+01, +1.45950816e+01, +1.01464155e+00, +3.59409069e-01, +1.43358619e+00, +1.43293997e+00, +1.31014043e-04, +1.32661950e-02, +2.67099237e-03, +5.11351138e-03, -2.50672457e-03, +4.46072510e+00, +8.98114547e-01, +1.71940550e+00, -8.42879907e-01, +7.67783290e-04, +5.60351456e-05, +1.25321456e-03, -7.33008758e-04,
+1.05931115e-01, +7.02378839e+01, +5.61576697e+01, +5.23237481e+01, +4.46654423e+01, +8.30340374e-01, +8.28491335e-01, +1.82452775e+01, +1.64199394e+01, +2.15668809e+01, +1.47039404e+01, +1.01318707e+00, +3.59354702e-01, +1.43537268e+00, +1.43477995e+00, +1.31136474e-04, +1.28423581e-02, +2.72918299e-03, +5.11240511e-03, -2.50625151e-03, +4.31202088e+00, +9.16365507e-01, +1.71656929e+00, -8.41512805e-01, +7.22012191e-04, +5.55711905e-05, +1.17707844e-03, -7.18421096e-04,
+1.10775306e-01, +7.34498372e+01, +5.86059155e+01, +5.45559081e+01, +4.66356632e+01, +8.36256554e-01, +8.34531827e-01, +1.83752752e+01, +1.65283106e+01, +2.17374302e+01, +1.48085558e+01, +1.01182825e+00, +3.59305630e-01, +1.43705477e+00, +1.43651056e+00, +1.31251714e-04, +1.24487750e-02, +2.78073458e-03, +5.10520851e-03, -2.50394316e-03, +4.17426349e+00, +9.32422578e-01, +1.71185402e+00, -8.39610207e-01, +6.80396189e-04, +5.50393514e-05, +1.10682654e-03, -7.03839427e-04,
+1.15707096e-01, +7.67198722e+01, +6.10963065e+01, +5.68254870e+01, +4.86411189e+01, +8.41959653e-01, +8.40348710e-01, +1.85005909e+01, +1.66327108e+01, +2.19019773e+01, +1.49094697e+01, +1.01056248e+00, +3.59263981e-01, +1.43864314e+00, +1.43814312e+00, +1.31360503e-04, +1.20846506e-02, +2.82609724e-03, +5.09279308e-03, -2.50016054e-03, +4.04709789e+00, +9.46447901e-01, +1.70555466e+00, -8.37293091e-01, +6.42441779e-04, +5.44727304e-05, +1.04200243e-03, -6.89367126e-04,
+1.20727568e-01, +8.00487084e+01, +6.36294367e+01, +5.91330742e+01, +5.06820736e+01, +8.47474771e-01, +8.45967478e-01, +1.86217759e+01, +1.67336087e+01, +2.20612290e+01, +1.50071091e+01, +1.00937481e+00, +3.59226975e-01, +1.44014689e+00, +1.43968698e+00, +1.31463469e-04, +1.17493825e-02, +2.86548213e-03, +5.07620606e-03, -2.49504545e-03, +3.93019360e+00, +9.58509909e-01, +1.69800180e+00, -8.34598047e-01, +6.07791119e-04, +5.38545047e-05, +9.82180597e-04, -6.75007198e-04,
+1.25837800e-01, +8.34370602e+01, +6.62058893e+01, +6.14792464e+01, +5.27591196e+01, +8.52823947e-01, +8.51411437e-01, +1.87393147e+01, +1.68314150e+01, +2.22158070e+01, +1.51018648e+01, +1.00826477e+00, +3.59196687e-01, +1.44157379e+00, +1.44115047e+00, +1.31561147e-04, +1.14412357e-02, +2.89931645e-03, +5.05598175e-03, -2.48879222e-03, +3.82290903e+00, +9.68761010e-01, +1.68937681e+00, -8.31590793e-01, +5.75991096e-04, +5.32081834e-05, +9.26916794e-04, -6.60835307e-04,
+1.31038861e-01, +8.68856364e+01, +6.88262374e+01, +6.38645684e+01, +5.48725085e+01, +8.58027259e-01, +8.56701286e-01, +1.88536484e+01, +1.69265035e+01, +2.23662788e+01, +1.51940783e+01, +1.00721930e+00, +3.59170378e-01, +1.44293067e+00, +1.44254068e+00, +1.31654011e-04, +1.11576123e-02, +2.92785741e-03, +5.03218053e-03, -2.48148393e-03, +3.72427504e+00, +9.77283131e-01, +1.67968055e+00, -8.28289103e-01, +5.46753111e-04, +5.25192190e-05, +8.75754432e-04, -6.46851269e-04,
+1.36331811e-01, +9.03951396e+01, +7.14910438e+01, +6.62895926e+01, +5.70228114e+01, +8.63103030e-01, +8.61856518e-01, +1.89651796e+01, +1.70192145e+01, +2.25131634e+01, +1.52840758e+01, +1.00623888e+00, +3.59150051e-01, +1.44422396e+00, +1.44386448e+00, +1.31742501e-04, +1.08956886e-02, +2.95153124e-03, +5.00462632e-03, -2.47330672e-03, +3.63330804e+00, +9.84226196e-01, +1.66885726e+00, -8.24756057e-01, +5.19759557e-04, +5.18071990e-05, +8.28227988e-04, -6.33073097e-04,
+1.41717698e-01, +9.39662653e+01, +7.42008607e+01, +6.87548587e+01, +5.92102114e+01, +8.68068455e-01, +8.66894814e-01, +1.90742861e+01, +1.71098671e+01, +2.26569492e+01, +1.53721480e+01, +1.00531126e+00, +3.59133037e-01, +1.44545989e+00, +1.44512830e+00, +1.31827049e-04, +1.06527490e-02, +2.97060737e-03, +4.97371851e-03, -2.46425531e-03, +3.54902192e+00, +9.89674181e-01, +1.65702167e+00, -8.20980207e-01, +4.94806501e-04, +5.10603078e-05, +7.83928001e-04, -6.19450375e-04,
+1.47197560e-01, +9.75997009e+01, +7.69562287e+01, +7.12608934e+01, +6.14352505e+01, +8.72939300e-01, +8.71832882e-01, +1.91813144e+01, +1.71987531e+01, +2.27980848e+01, +1.54585765e+01, +1.00443765e+00, +3.59121334e-01, +1.44664400e+00, +1.44633806e+00, +1.31908034e-04, +1.04264524e-02, +2.98543730e-03, +4.94034714e-03, -2.45438235e-03, +3.47061141e+00, +9.93750544e-01, +1.64447355e+00, -8.16980414e-01, +4.71632421e-04, +5.02928394e-05, +7.42507064e-04, -6.05989482e-04,
+1.52772419e-01, +1.01296125e+02, +7.97576775e+01, +7.38082114e+01, +6.36981230e+01, +8.77727942e-01, +8.76683455e-01, +1.92865365e+01, +1.72861020e+01, +2.29369220e+01, +1.55435697e+01, +1.00360771e+00, +3.59112459e-01, +1.44778076e+00, +1.44749834e+00, +1.31985766e-04, +1.02149067e-02, +2.99618846e-03, +4.90543316e-03, -2.44371223e-03, +3.39738556e+00, +9.96505174e-01, +1.63150269e+00, -8.12756578e-01, +4.50064023e-04, +4.94940653e-05, +7.03711386e-04, -5.92659651e-04,
+1.58443288e-01, +1.05056208e+02, +8.26057264e+01, +7.63973164e+01, +6.59994238e+01, +8.82442445e-01, +8.81455347e-01, +1.93901294e+01, +1.73720639e+01, +2.30736887e+01, +1.56272756e+01, +1.00282420e+00, +3.59108406e-01, +1.44887367e+00, +1.44861293e+00, +1.32060484e-04, +1.00165737e-02, +3.00313928e-03, +4.86934707e-03, -2.43238698e-03, +3.32882096e+00, +9.98037181e-01, +1.61823644e+00, -8.08358329e-01, +4.29884828e-04, +4.86765881e-05, +6.67349695e-04, -5.79463048e-04,
+1.64211158e-01, +1.08880609e+02, +8.55008844e+01, +7.90287010e+01, +6.83393471e+01, +8.87086638e-01, +8.86152792e-01, +1.94921774e+01, +1.74567116e+01, +2.32084905e+01, +1.57097528e+01, +1.00207782e+00, +3.59106722e-01, +1.44992587e+00, +1.44968510e+00, +1.32132406e-04, +9.83013413e-03, +3.00650975e-03, +4.83198817e-03, -2.42047971e-03, +3.26442981e+00, +9.98413644e-01, +1.60462574e+00, -8.03802471e-01, +4.10937800e-04, +4.78342383e-05, +6.33224775e-04, -5.66384022e-04,
+1.70077008e-01, +1.12769975e+02, +8.84436494e+01, +8.17028459e+01, +7.07184605e+01, +8.91662673e-01, +8.90778707e-01, +1.95927278e+01, +1.75400868e+01, +2.33413850e+01, +1.57910439e+01, +1.00137130e+00, +3.59109232e-01, +1.45094033e+00, +1.45071807e+00, +1.32201736e-04, +9.65416019e-03, +3.00667089e-03, +4.79326620e-03, -2.40804528e-03, +3.20373129e+00, +9.97763185e-01, +1.59064451e+00, -7.99109385e-01, +3.93084445e-04, +4.69814481e-05, +6.01138737e-04, -5.53460414e-04,
+1.76041796e-01, +1.16724942e+02, +9.14345080e+01, +8.44202195e+01, +7.31369168e+01, +8.96174823e-01, +8.95337566e-01, +1.96918744e+01, +1.76222696e+01, +2.34724917e+01, +1.58712155e+01, +1.00069573e+00, +3.59113467e-01, +1.45191971e+00, +1.45171457e+00, +1.32268658e-04, +9.48707806e-03, +3.00393973e-03, +4.75317519e-03, -2.39497754e-03, +3.14616115e+00, +9.96184324e-01, +1.57627617e+00, -7.94236670e-01, +3.76260385e-04, +4.61174607e-05, +5.70942421e-04, -5.40712727e-04,
+1.82106463e-01, +1.20746134e+02, +9.44739352e+01, +8.71812768e+01, +7.55952778e+01, +9.00630534e-01, +8.99837209e-01, +1.97897809e+01, +1.77033978e+01, +2.36020229e+01, +1.59504046e+01, +1.00005410e+00, +3.59121131e-01, +1.45286624e+00, +1.45267698e+00, +1.32333323e-04, +9.32725979e-03, +2.99873344e-03, +4.71140958e-03, -2.38121243e-03, +3.09117797e+00, +9.93820153e-01, +1.56142381e+00, -7.89165475e-01, +3.60389162e-04, +4.52571822e-05, +5.42545246e-04, -5.28179481e-04,
+1.88271927e-01, +1.24834160e+02, +9.75623941e+01, +8.99864597e+01, +7.80936902e+01, +9.05036849e-01, +9.04284648e-01, +1.98866019e+01, +1.77836013e+01, +2.37301797e+01, +1.60287281e+01, +9.99438318e-01, +3.59129809e-01, +1.45378173e+00, +1.45360714e+00, +1.32395858e-04, +9.17386758e-03, +2.99139007e-03, +4.66779541e-03, -2.36684491e-03, +3.03846966e+00, +9.90776017e-01, +1.54601695e+00, -7.83920891e-01, +3.45469305e-04, +4.44005385e-05, +5.15916979e-04, -5.15895698e-04,
+1.94539084e-01, +1.28989614e+02, +1.00700336e+02, +9.28361971e+01, +8.06327258e+01, +9.09396459e-01, +9.08682815e-01, +1.99823967e+01, +1.78629309e+01, +2.38570370e+01, +1.61062395e+01, +9.98851870e-01, +3.59141193e-01, +1.45466773e+00, +1.45450669e+00, +1.32456370e-04, +9.02676685e-03, +2.98226643e-03, +4.62239560e-03, -2.35214791e-03, +2.98799422e+00, +9.87174589e-01, +1.53008176e+00, -7.78595977e-01, +3.31485207e-04, +4.35594464e-05, +4.91005639e-04, -5.03904441e-04,
+2.00908807e-01, +1.33213075e+02, +1.03888199e+02, +9.57309044e+01, +8.32125362e+01, +9.13708082e-01, +9.13030506e-01, +2.00771371e+01, +1.79413647e+01, +2.39825544e+01, +1.61829092e+01, +9.98287606e-01, +3.59153042e-01, +1.45552540e+00, +1.45537684e+00, +1.32514937e-04, +8.88535695e-03, +2.97160016e-03, +4.57559748e-03, -2.33727470e-03, +2.93952393e+00, +9.83088222e-01, +1.51373528e+00, -7.73235666e-01, +3.18394999e-04, +4.27322206e-05, +4.67682322e-04, -4.92200823e-04,
+2.07381944e-01, +1.37505104e+02, +1.07126408e+02, +9.86709841e+01, +8.58337116e+01, +9.17970427e-01, +9.17326818e-01, +2.01707947e+01, +1.80188806e+01, +2.41066913e+01, +1.62587205e+01, +9.97749515e-01, +3.59167104e-01, +1.45635571e+00, +1.45621874e+00, +1.32571629e-04, +8.74854352e-03, +2.95961563e-03, +4.52783992e-03, -2.32221752e-03, +2.89270218e+00, +9.78595643e-01, +1.49712834e+00, -7.67840232e-01, +3.06082012e-04, +4.19251607e-05, +4.45743474e-04, -4.80728375e-04,
+2.13959316e-01, +1.41866247e+02, +1.10415377e+02, +1.01656825e+02, +8.84963498e+01, +9.22185621e-01, +9.21574013e-01, +2.02634162e+01, +1.80955188e+01, +2.42295065e+01, +1.63337037e+01, +9.97230734e-01, +3.59181319e-01, +1.45716011e+00, +1.45703396e+00, +1.32626543e-04, +8.61570342e-03, +2.94643862e-03, +4.47917797e-03, -2.30671787e-03, +2.84729743e+00, +9.73732117e-01, +1.48026822e+00, -7.62318706e-01, +2.94435000e-04, +4.11320553e-05, +4.24992126e-04, -4.69353900e-04,
+2.20641715e-01, +1.46297027e+02, +1.13755501e+02, +1.04688801e+02, +9.12009544e+01, +9.26358367e-01, +9.25777085e-01, +2.03551050e+01, +1.81713659e+01, +2.43511346e+01, +1.64079470e+01, +9.96734687e-01, +3.59197398e-01, +1.45794033e+00, +1.45782434e+00, +1.32679800e-04, +8.48673312e-03, +2.93225495e-03, +4.42951925e-03, -2.29053805e-03, +2.80328052e+00, +9.68562704e-01, +1.46312896e+00, -7.56595097e-01, +2.83359315e-04, +4.03563380e-05, +4.05318222e-04, -4.58027867e-04,
+2.27429903e-01, +1.50797952e+02, +1.17147162e+02, +1.07767268e+02, +9.39475808e+01, +9.30492945e-01, +9.29940365e-01, +2.04459551e+01, +1.82465008e+01, +2.44716979e+01, +1.64815191e+01, +9.96254873e-01, +3.59213360e-01, +1.45869773e+00, +1.45859126e+00, +1.32731491e-04, +8.36110515e-03, +2.91719294e-03, +4.37909886e-03, -2.27353361e-03, +2.76045445e+00, +9.63123663e-01, +1.44577812e+00, -7.50616796e-01, +2.72816622e-04, +3.95940258e-05, +3.86659418e-04, -4.46780044e-04,
+2.34324613e-01, +1.55369506e+02, +1.20590723e+02, +1.10892570e+02, +9.67367938e+01, +9.34592453e-01, +9.34067169e-01, +2.05360346e+01, +1.83209809e+01, +2.45912844e+01, +1.65544816e+01, +9.95795617e-01, +3.59230955e-01, +1.45943294e+00, +1.45933543e+00, +1.32781663e-04, +8.23785904e-03, +2.90132541e-03, +4.32835099e-03, -2.25572796e-03, +2.71851045e+00, +9.57443361e-01, +1.42836474e+00, -7.44394875e-01, +2.62768768e-04, +3.88484024e-05, +3.68974174e-04, -4.35667041e-04,
+2.41326542e-01, +1.60012152e+02, +1.24086534e+02, +1.14065035e+02, +9.95687274e+01, +9.38659019e-01, +9.38159576e-01, +2.06253903e+01, +1.83948458e+01, +2.47099540e+01, +1.66268681e+01, +9.95351931e-01, +3.59248445e-01, +1.46014617e+00, +1.46005701e+00, +1.32830328e-04, +8.11667969e-03, +2.88461104e-03, +4.27770345e-03, -2.23725877e-03, +2.67732758e+00, +9.51503445e-01, +1.41102198e+00, -7.37971047e-01, +2.53190174e-04, +3.81128431e-05, +3.52246879e-04, -4.24725229e-04,
+2.48436355e-01, +1.64726331e+02, +1.27634927e+02, +1.17284977e+02, +1.02443910e+02, +9.42693843e-01, +9.42218941e-01, +2.07140485e+01, +1.84681181e+01, +2.48277400e+01, +1.66987058e+01, +9.94927967e-01, +3.59267570e-01, +1.46083828e+00, +1.46075694e+00, +1.32877547e-04, +7.99773049e-03, +2.86706152e-03, +4.22742718e-03, -2.21824658e-03, +2.63696791e+00, +9.45311826e-01, +1.39384414e+00, -7.31388117e-01, +2.44031411e-04, +3.73856735e-05, +3.36420489e-04, -4.13951564e-04,
+2.55654679e-01, +1.69512459e+02, +1.31236214e+02, +1.20552693e+02, +1.05362331e+02, +9.46697969e-01, +9.46246199e-01, +2.08020322e+01, +1.85408177e+01, +2.49446707e+01, +1.67700062e+01, +9.94517976e-01, +3.59286601e-01, +1.46151062e+00, +1.46143654e+00, +1.32923411e-04, +7.88148127e-03, +2.84869081e-03, +4.17777958e-03, -2.19873677e-03, +2.59756801e+00, +9.38867688e-01, +1.37690698e+00, -7.24656710e-01, +2.35273645e-04, +3.66608532e-05, +3.21412238e-04, -4.03341895e-04,
+2.62982105e-01, +1.74370926e+02, +1.34890689e+02, +1.23868460e+02, +1.08324458e+02, +9.50673152e-01, +9.50243178e-01, +2.08893799e+01, +1.86129772e+01, +2.50607957e+01, +1.68408058e+01, +9.94125656e-01, +3.59307145e-01, +1.46216415e+00, +1.46209687e+00, +1.32967987e-04, +7.76824201e-03, +2.82957484e-03, +4.12859246e-03, -2.17874973e-03, +2.55923679e+00, +9.32199589e-01, +1.36015918e+00, -7.17786140e-01, +2.26886365e-04, +3.59424448e-05, +3.07141952e-04, -3.92905024e-04,
+2.70419183e-01, +1.79302099e+02, +1.38598626e+02, +1.27232540e+02, +1.11330272e+02, +9.54621383e-01, +9.54211902e-01, +2.09761353e+01, +1.86846336e+01, +2.51761715e+01, +1.69111335e+01, +9.93745658e-01, +3.59327472e-01, +1.46279964e+00, +1.46273871e+00, +1.33011327e-04, +7.65798436e-03, +2.80979678e-03, +4.07940662e-03, -2.15827605e-03, +2.52194819e+00, +9.25329900e-01, +1.34344126e+00, -7.10769325e-01, +2.18843962e-04, +3.52299863e-05, +2.93583789e-04, -3.82630194e-04,
+2.77966422e-01, +1.84306314e+02, +1.42360278e+02, +1.30645172e+02, +1.14380244e+02, +9.58542614e-01, +9.58152525e-01, +2.10622975e+01, +1.87557867e+01, +2.52907951e+01, +1.69809944e+01, +9.93381803e-01, +3.59349109e-01, +1.46341759e+00, +1.46336258e+00, +1.33053468e-04, +7.55079483e-03, +2.78944886e-03, +4.02966055e-03, -2.13744309e-03, +2.48573777e+00, +9.18292517e-01, +1.32657285e+00, -7.03650824e-01, +2.11148394e-04, +3.45282228e-05, +2.80744110e-04, -3.72516503e-04,
+2.85624290e-01, +1.89383882e+02, +1.46175877e+02, +1.34106580e+02, +1.17474379e+02, +9.62434919e-01, +9.62063170e-01, +2.11478241e+01, +1.88264021e+01, +2.54046087e+01, +1.70503494e+01, +9.93029459e-01, +3.59370407e-01, +1.46401808e+00, +1.46396857e+00, +1.33094413e-04, +7.44662033e-03, +2.76860025e-03, +3.97910889e-03, -2.11636542e-03, +2.45057379e+00, +9.11105831e-01, +1.30946651e+00, -6.96464894e-01, +2.03796516e-04, +3.38374127e-05, +2.68610564e-04, -3.62562636e-04,
+2.93393209e-01, +1.94535083e+02, +1.50045635e+02, +1.37616965e+02, +1.20613149e+02, +9.66297461e-01, +9.65943195e-01, +2.12326967e+01, +1.88964654e+01, +2.55175863e+01, +1.71191897e+01, +9.92692540e-01, +3.59392864e-01, +1.46460131e+00, +1.46455695e+00, +1.33134177e-04, +7.34496736e-03, +2.74730675e-03, +3.92825374e-03, -2.09494770e-03, +2.41630120e+00, +9.03791707e-01, +1.29229223e+00, -6.89182728e-01, +1.96760150e-04, +3.31612902e-05, +2.57138809e-04, -3.52747632e-04,
+3.01273555e-01, +1.99760166e+02, +1.53969739e+02, +1.41176509e+02, +1.23796449e+02, +9.70130193e-01, +9.69792600e-01, +2.13169143e+01, +1.89659764e+01, +2.56297250e+01, +1.71875084e+01, +9.92366298e-01, +3.59414997e-01, +1.46516820e+00, +1.46512864e+00, +1.33172824e-04, +7.24546283e-03, +2.72553596e-03, +3.87782809e-03, -2.07308298e-03, +2.38278348e+00, +8.96335019e-01, +1.27528426e+00, -6.81765678e-01, +1.90022239e-04, +3.24962722e-05, +2.46252913e-04, -3.43064369e-04,
+3.09265657e-01, +2.05059349e+02, +1.57948355e+02, +1.44785372e+02, +1.27024608e+02, +9.73931612e-01, +9.73610038e-01, +2.14004438e+01, +1.90349084e+01, +2.57409793e+01, +1.72552824e+01, +9.92054025e-01, +3.59438347e-01, +1.46572009e+00, +1.46568504e+00, +1.33210444e-04, +7.14764570e-03, +2.70323433e-03, +3.82839041e-03, -2.05077481e-03, +2.34987511e+00, +8.88721033e-01, +1.25862972e+00, -6.74217061e-01, +1.83554532e-04, +3.18424771e-05, +2.35851610e-04, -3.33516293e-04,
+3.17369795e-01, +2.10432817e+02, +1.61981619e+02, +1.48443690e+02, +1.30297495e+02, +9.77699136e-01, +9.77392895e-01, +2.14832286e+01, +1.91032152e+01, +2.58512724e+01, +1.73224601e+01, +9.91751369e-01, +3.59461511e-01, +1.46625763e+00, +1.46622681e+00, +1.33247083e-04, +7.05037330e-03, +2.68034727e-03, +3.78010949e-03, -2.02794795e-03, +2.31718849e+00, +8.80927798e-01, +1.24237765e+00, -6.66509056e-01, +1.77340498e-04, +3.11974601e-05, +2.25901846e-04, -3.24144259e-04,
+3.25586196e-01, +2.15880722e+02, +1.66069647e+02, +1.52151581e+02, +1.33615596e+02, +9.81431244e-01, +9.81139667e-01, +2.15652351e+01, +1.91708697e+01, +2.59605583e+01, +1.73890218e+01, +9.91462695e-01, +3.59485952e-01, +1.46678031e+00, +1.46675343e+00, +1.33282705e-04, +6.95243791e-03, +2.65683982e-03, +3.73260185e-03, -2.00454909e-03, +2.28433576e+00, +8.72947631e-01, +1.22640662e+00, -6.58626977e-01, +1.71382616e-04, +3.05641990e-05, +2.16438299e-04, -3.15013676e-04,
+3.33915038e-01, +2.21403180e+02, +1.70212526e+02, +1.55909140e+02, +1.36978880e+02, +9.85127215e-01, +9.84849618e-01, +2.16464476e+01, +1.92378597e+01, +2.60688146e+01, +1.74549519e+01, +9.91184676e-01, +3.59510347e-01, +1.46728762e+00, +1.46726440e+00, +1.33317277e-04, +6.85377124e-03, +2.63263363e-03, +3.68546019e-03, -1.98067559e-03, +2.25128576e+00, +8.64751740e-01, +1.21057791e+00, -6.50600465e-01, +1.65675924e-04, +2.99424626e-05, +2.07475996e-04, -3.06124659e-04,
+3.42356440e-01, +2.27000273e+02, +1.74410323e+02, +1.59716440e+02, +1.40387691e+02, +9.88786354e-01, +9.88522169e-01, +2.17268508e+01, +1.93041729e+01, +2.61760194e+01, +1.75202431e+01, +9.90920925e-01, +3.59536164e-01, +1.46778013e+00, +1.46776033e+00, +1.33350838e-04, +6.75464108e-03, +2.60763007e-03, +3.63860002e-03, -1.95643917e-03, +2.21813368e+00, +8.56310799e-01, +1.19486753e+00, -6.42468426e-01, +1.60191785e-04, +2.93328866e-05, +1.98982932e-04, -2.97425519e-04,
+3.50910470e-01, +2.32672043e+02, +1.78663072e+02, +1.63573529e+02, +1.43841711e+02, +9.92410195e-01, +9.92158973e-01, +2.18064784e+01, +1.93698380e+01, +2.62822164e+01, +1.75849155e+01, +9.90666816e-01, +3.59562104e-01, +1.46825933e+00, +1.46824273e+00, +1.33383489e-04, +6.65462174e-03, +2.58178531e-03, +3.59202006e-03, -1.93171791e-03, +2.18472828e+00, +8.47606311e-01, +1.17926880e+00, -6.34187625e-01, +1.54892292e-04, +2.87311053e-05, +1.90875021e-04, -2.88854679e-04,
+3.59577135e-01, +2.38418496e+02, +1.82970777e+02, +1.67480429e+02, +1.47341084e+02, +9.96004149e-01, +9.95765625e-01, +2.18854492e+01, +1.94349532e+01, +2.63875631e+01, +1.76490676e+01, +9.90424753e-01, +3.59589400e-01, +1.46872666e+00, +1.46871306e+00, +1.33415328e-04, +6.55372772e-03, +2.55518366e-03, +3.54512007e-03, -1.90638555e-03, +2.15107880e+00, +8.38667953e-01, +1.16358704e+00, -6.25718022e-01, +1.49773098e-04, +2.81364792e-05, +1.83087507e-04, -2.80393517e-04,
+3.68356385e-01, +2.44239600e+02, +1.87333413e+02, +1.71437130e+02, +1.50885497e+02, +9.99577060e-01, +9.99350886e-01, +2.19639577e+01, +1.94996795e+01, +2.64923176e+01, +1.77128516e+01, +9.90190433e-01, +3.59616630e-01, +1.46918268e+00, +1.46917186e+00, +1.33446395e-04, +6.45244139e-03, +2.52796761e-03, +3.49745672e-03, -1.88041853e-03, +2.11733334e+00, +8.29538738e-01, +1.14767129e+00, -6.17049050e-01, +1.44873841e-04, +2.75486742e-05, +1.75623238e-04, -2.72076212e-04,
+3.77248109e-01, +2.50135279e+02, +1.91750925e+02, +1.75443595e+02, +1.54475195e+02, +1.00313662e+00, +1.00292240e+00, +2.20421727e+01, +1.95641564e+01, +2.65967046e+01, +1.77764097e+01, +9.89966927e-01, +3.59644937e-01, +1.46962747e+00, +1.46961922e+00, +1.33476694e-04, +6.35130014e-03, +2.50025448e-03, +3.44974745e-03, -1.85391034e-03, +2.08367395e+00, +8.20259636e-01, +1.13176023e+00, -6.08213217e-01, +1.40176575e-04, +2.69694629e-05, +1.68463457e-04, -2.63916399e-04,
+3.86252134e-01, +2.56105420e+02, +1.96223227e+02, +1.79499759e+02, +1.58109851e+02, +1.00668499e+00, +1.00648242e+00, +2.21201420e+01, +1.96284235e+01, +2.67007869e+01, +1.78397755e+01, +9.89750385e-01, +3.59673011e-01, +1.47006131e+00, +1.47005549e+00, +1.33506246e-04, +6.25031184e-03, +2.47212891e-03, +3.40269269e-03, -1.82701080e-03, +2.05009415e+00, +8.10855064e-01, +1.11607877e+00, -5.99257163e-01, +1.35629676e-04, +2.63976993e-05, +1.61559735e-04, -2.55905911e-04,
+3.95368225e-01, +2.62149866e+02, +2.00750201e+02, +1.83605529e+02, +1.61789566e+02, +1.01022092e+00, +1.01002979e+00, +2.21978378e+01, +1.96924584e+01, +2.68045269e+01, +1.79029300e+01, +9.89543285e-01, +3.59701937e-01, +1.47048493e+00, +1.47048140e+00, +1.33535098e-04, +6.14890485e-03, +2.44370832e-03, +3.35591037e-03, -1.79977447e-03, +2.01641077e+00, +8.01365431e-01, +1.10050391e+00, -5.90200161e-01, +1.31237542e-04, +2.58365281e-05, +1.54892085e-04, -2.48030525e-04,
+4.04596080e-01, +2.68268418e+02, +2.05331698e+02, +1.87760778e+02, +1.65513960e+02, +1.01374348e+00, +1.01356355e+00, +2.22752400e+01, +1.97562447e+01, +2.69078968e+01, +1.79658518e+01, +9.89341954e-01, +3.59730436e-01, +1.47089854e+00, +1.47089717e+00, +1.33563267e-04, +6.04688172e-03, +2.41510130e-03, +3.30899476e-03, -1.77215301e-03, +1.98255087e+00, +7.91823195e-01, +1.08489809e+00, -5.81024016e-01, +1.27024639e-04, +2.52876209e-05, +1.48456050e-04, -2.40283291e-04,
+4.13935333e-01, +2.74460832e+02, +2.09967536e+02, +1.91965352e+02, +1.69283194e+02, +1.01725337e+00, +1.01708438e+00, +2.23523636e+01, +1.98197951e+01, +2.70109163e+01, +1.80285583e+01, +9.89149435e-01, +3.59759605e-01, +1.47130209e+00, +1.47130274e+00, +1.33590750e-04, +5.94446373e-03, +2.38635958e-03, +3.26182628e-03, -1.74409411e-03, +1.94859251e+00, +7.82247588e-01, +1.06922518e+00, -5.71713257e-01, +1.23000710e-04, +2.47527068e-05, +1.42260570e-04, -2.32659766e-04,
+4.23385549e-01, +2.80726821e+02, +2.14657501e+02, +1.96219065e+02, +1.73096785e+02, +1.02075084e+00, +1.02059247e+00, +2.24292146e+01, +1.98831148e+01, +2.71135924e+01, +1.80910488e+01, +9.88962157e-01, +3.59788323e-01, +1.47169630e+00, +1.47169882e+00, +1.33617593e-04, +5.84200173e-03, +2.35749060e-03, +3.21403902e-03, -1.71566978e-03, +1.91464295e+00, +7.72638036e-01, +1.05336106e+00, -5.62289296e-01, +1.19164975e-04, +2.42315281e-05, +1.36308263e-04, -2.25146453e-04,
+4.32946226e-01, +2.87066051e+02, +2.19401343e+02, +2.00521700e+02, +1.76954706e+02, +1.02423551e+00, +1.02408741e+00, +2.25057840e+01, +1.99461966e+01, +2.72159126e+01, +1.81533187e+01, +9.88782448e-01, +3.59817648e-01, +1.47208199e+00, +1.47208627e+00, +1.33643856e-04, +5.73937395e-03, +2.32852939e-03, +3.16518222e-03, -1.68695719e-03, +1.88066617e+00, +7.63007686e-01, +1.03716035e+00, -5.52778637e-01, +1.15501833e-04, +2.37260404e-05, +1.30602735e-04, -2.17765450e-04,
+4.42616791e-01, +2.93478143e+02, +2.24198778e+02, +2.04873009e+02, +1.80856520e+02, +1.02770802e+00, +1.02756989e+00, +2.25820863e+01, +2.00090528e+01, +2.73178958e+01, +1.82153763e+01, +9.88607367e-01, +3.59846487e-01, +1.47245905e+00, +1.47246498e+00, +1.33669529e-04, +5.63657611e-03, +2.29950640e-03, +3.11508677e-03, -1.65792583e-03, +1.84665454e+00, +7.53364075e-01, +1.02056444e+00, -5.43169508e-01, +1.11992197e-04, +2.32356120e-05, +1.25155442e-04, -2.10563327e-04,
+4.52396602e-01, +2.99962671e+02, +2.29049487e+02, +2.09272711e+02, +1.84802384e+02, +1.03116901e+00, +1.03104054e+00, +2.26581355e+01, +2.00716950e+01, +2.74195600e+01, +1.82772394e+01, +9.88440311e-01, +3.59875926e-01, +1.47282686e+00, +1.47283432e+00, +1.33694570e-04, +5.53407990e-03, +2.27037177e-03, +3.06418524e-03, -1.62859539e-03, +1.81276837e+00, +7.43693297e-01, +1.00371845e+00, -5.33470109e-01, +1.08629368e-04, +2.27600115e-05, +1.19961284e-04, -2.03547624e-04,
+4.62284942e-01, +3.06519159e+02, +2.33953119e+02, +2.13720498e+02, +1.88791840e+02, +1.03461885e+00, +1.03449966e+00, +2.27339397e+01, +2.01341302e+01, +2.75209153e+01, +1.83389115e+01, +9.88278811e-01, +3.59905069e-01, +1.47318539e+00, +1.47319429e+00, +1.33718978e-04, +5.43245011e-03, +2.24101196e-03, +3.01256845e-03, -1.59901400e-03, +1.77918731e+00, +7.33956127e-01, +9.86649383e-01, -5.23694716e-01, +1.05387372e-04, +2.22952598e-05, +1.14996956e-04, -1.96668492e-04,
+4.72281025e-01, +3.13147086e+02, +2.38909286e+02, +2.18216032e+02, +1.92824816e+02, +1.03805744e+00, +1.03794723e+00, +2.28094968e+01, +2.01963570e+01, +2.76219585e+01, +1.84003945e+01, +9.88125338e-01, +3.59934935e-01, +1.47353513e+00, +1.47354537e+00, +1.33742787e-04, +5.33188427e-03, +2.21138249e-03, +2.95993129e-03, -1.56916926e-03, +1.74597970e+00, +7.24139675e-01, +9.69259589e-01, -5.13840426e-01, +1.02233298e-04, +2.18380969e-05, +1.10243057e-04, -1.89884181e-04,
+4.82383987e-01, +3.19845880e+02, +2.43917566e+02, +2.22758940e+02, +1.96900729e+02, +1.04148588e+00, +1.04138440e+00, +2.28848306e+01, +2.02583951e+01, +2.77227208e+01, +1.84617038e+01, +9.87977214e-01, +3.59964636e-01, +1.47387643e+00, +1.47388791e+00, +1.33766019e-04, +5.23173549e-03, +2.18141738e-03, +2.90677605e-03, -1.53889881e-03, +1.71292815e+00, +7.14220215e-01, +9.51710679e-01, -5.03852517e-01, +9.91731575e-05, +2.13854899e-05, +1.05691850e-04, -1.83197473e-04,
+4.92592894e-01, +3.26614920e+02, +2.48977496e+02, +2.27348817e+02, +2.01019480e+02, +1.04490795e+00, +1.04481496e+00, +2.29600247e+01, +2.03203136e+01, +2.78233134e+01, +1.85229113e+01, +9.87837032e-01, +3.59995198e-01, +1.47420963e+00, +1.47422222e+00, +1.33788699e-04, +5.13136532e-03, +2.15102300e-03, +2.85417122e-03, -1.50802337e-03, +1.67982747e+00, +7.04168831e-01, +9.34354683e-01, -4.93673500e-01, +9.62165661e-05, +2.09368311e-05, +1.01320559e-04, -1.76619080e-04,
+5.02906735e-01, +3.33453537e+02, +2.54088579e+02, +2.31985227e+02, +2.05180452e+02, +1.04832538e+00, +1.04824047e+00, +2.30351167e+01, +2.03821438e+01, +2.79237864e+01, +1.85840443e+01, +9.87702412e-01, +3.60025823e-01, +1.47453498e+00, +1.47454857e+00, +1.33810843e-04, +5.03108256e-03, +2.12009105e-03, +2.80265017e-03, -1.47659918e-03, +1.64677399e+00, +6.93948224e-01, +9.17363481e-01, -4.83320457e-01, +9.33481822e-05, +2.04887693e-05, +9.71005199e-05, -1.70132865e-04,
+5.13324420e-01, +3.40361009e+02, +2.59250279e+02, +2.36667699e+02, +2.09383550e+02, +1.05173614e+00, +1.05165870e+00, +2.31100622e+01, +2.04438492e+01, +2.80240796e+01, +1.86450713e+01, +9.87575912e-01, +3.60057392e-01, +1.47485228e+00, +1.47486676e+00, +1.33832438e-04, +4.93138138e-03, +2.08862121e-03, +2.75191547e-03, -1.44482734e-03, +1.61393307e+00, +6.83559956e-01, +9.00641633e-01, -4.72860329e-01, +9.05508502e-05, +2.00375794e-05, +9.30231959e-05, -1.63724642e-04,
+5.23844789e-01, +3.47336565e+02, +2.64462026e+02, +2.41395733e+02, +2.13628186e+02, +1.05513936e+00, +1.05506865e+00, +2.31848421e+01, +2.05054145e+01, +2.81241673e+01, +1.87059748e+01, +9.87455230e-01, +3.60088936e-01, +1.47516099e+00, +1.47517624e+00, +1.33853448e-04, +4.83201712e-03, +2.05672547e-03, +2.70151315e-03, -1.41279404e-03, +1.58122008e+00, +6.73038923e-01, +8.84038017e-01, -4.62320029e-01, +8.77911434e-05, +1.95772217e-05, +8.90776718e-05, -1.57401607e-04,
+5.34466599e-01, +3.54379382e+02, +2.69723213e+02, +2.46168792e+02, +2.17914154e+02, +1.05853459e+00, +1.05847001e+00, +2.32594462e+01, +2.05668314e+01, +2.82240351e+01, +1.87667502e+01, +9.87342317e-01, +3.60121127e-01, +1.47546094e+00, +1.47547683e+00, +1.33873860e-04, +4.73234658e-03, +2.02457099e-03, +2.65117591e-03, -1.38047952e-03, +1.54842700e+00, +6.62440995e-01, +8.67466550e-01, -4.51693833e-01, +8.50497374e-05, +1.91051135e-05, +8.52487856e-05, -1.51166479e-04,
+5.45188534e-01, +3.61488588e+02, +2.75033196e+02, +2.50986305e+02, +2.22240685e+02, +1.06191719e+00, +1.06185842e+00, +2.33337731e+01, +2.06280166e+01, +2.83235467e+01, +1.88273112e+01, +9.87234465e-01, +3.60153001e-01, +1.47575221e+00, +1.47576863e+00, +1.33893681e-04, +4.63192586e-03, +1.99231007e-03, +2.60071596e-03, -1.34789955e-03, +1.51540372e+00, +6.51813992e-01, +8.50863064e-01, -4.40985468e-01, +8.23355663e-05, +1.86230041e-05, +8.15333386e-05, -1.45041230e-04,
+5.56009199e-01, +3.68663256e+02, +2.80391293e+02, +2.55847664e+02, +2.26607468e+02, +1.06527970e+00, +1.06522654e+00, +2.34076582e+01, +2.06888351e+01, +2.84224813e+01, +1.88875266e+01, +9.87133398e-01, +3.60185211e-01, +1.47603487e+00, +1.47605172e+00, +1.33912914e-04, +4.53091873e-03, +1.96008330e-03, +2.54989114e-03, -1.31506064e-03, +1.48220597e+00, +6.41204875e-01, +8.34149561e-01, -4.30197681e-01, +7.96747892e-05, +1.81378120e-05, +7.79420952e-05, -1.39073343e-04,
+5.66927123e-01, +3.75902412e+02, +2.85796785e+02, +2.60752227e+02, +2.31013721e+02, +1.06861528e+00, +1.06856750e+00, +2.34809519e+01, +2.07491636e+01, +2.85206379e+01, +1.89472715e+01, +9.87036848e-01, +3.60216925e-01, +1.47630888e+00, +1.47632608e+00, +1.33931558e-04, +4.43004684e-03, +1.92796042e-03, +2.49854129e-03, -1.28192914e-03, +1.44906586e+00, +6.30634782e-01, +8.17271467e-01, -4.19318311e-01, +7.70658090e-05, +1.76528711e-05, +7.44850213e-05, -1.33295100e-04,
+5.77940754e-01, +3.83205027e+02, +2.91248915e+02, +2.65699317e+02, +2.35459106e+02, +1.07191920e+00, +1.07187649e+00, +2.35535498e+01, +2.08089166e+01, +2.86178759e+01, +1.90064641e+01, +9.86946725e-01, +3.60248847e-01, +1.47657424e+00, +1.47659173e+00, +1.33949613e-04, +4.32977386e-03, +1.89598186e-03, +2.44655617e-03, -1.24842675e-03, +1.41613731e+00, +6.20117986e-01, +8.00194095e-01, -4.08322412e-01, +7.44942548e-05, +1.71701288e-05, +7.11670535e-05, -1.27706359e-04,
+5.89048468e-01, +3.90570024e+02, +2.96746890e+02, +2.70688220e+02, +2.39942689e+02, +1.07518747e+00, +1.07514947e+00, +2.36253642e+01, +2.08680221e+01, +2.87140773e+01, +1.90650285e+01, +9.86860511e-01, +3.60280158e-01, +1.47683134e+00, +1.47684908e+00, +1.33967106e-04, +4.22981114e-03, +1.86424272e-03, +2.39408357e-03, -1.21460020e-03, +1.38332170e+00, +6.09683816e-01, +7.82963503e-01, -3.97224072e-01, +7.19680531e-05, +1.66926415e-05, +6.79765337e-05, -1.22288266e-04,
+6.00248559e-01, +3.97996271e+02, +3.02289876e+02, +2.75718188e+02, +2.44463977e+02, +1.07841447e+00, +1.07838086e+00, +2.36962720e+01, +2.09263789e+01, +2.88090764e+01, +1.91228664e+01, +9.86779559e-01, +3.60311414e-01, +1.47708042e+00, +1.47709836e+00, +1.33984051e-04, +4.12957480e-03, +1.83288934e-03, +2.34136259e-03, -1.18065695e-03, +1.35042952e+00, +5.99380806e-01, +7.65658770e-01, -3.86091566e-01, +6.95116526e-05, +1.62254194e-05, +6.49041647e-05, -1.17019379e-04,
+6.11539247e-01, +4.05482590e+02, +3.07877004e+02, +2.80788434e+02, +2.49022000e+02, +1.08159706e+00, +1.08156752e+00, +2.37662037e+01, +2.09839301e+01, +2.89027794e+01, +1.91799172e+01, +9.86701527e-01, +3.60341807e-01, +1.47732166e+00, +1.47733978e+00, +1.34000463e-04, +4.02825711e-03, +1.80205231e-03, +2.28801730e-03, -1.14665077e-03, +1.31719303e+00, +5.89250058e-01, +7.48154937e-01, -3.74941409e-01, +6.71385247e-05, +1.57705036e-05, +6.19576882e-05, -1.11877884e-04,
+6.22918675e-01, +4.13027747e+02, +3.13507365e+02, +2.85898139e+02, +2.53616287e+02, +1.08473471e+00, +1.08470894e+00, +2.38351481e+01, +2.10406667e+01, +2.89951708e+01, +1.92361748e+01, +9.86628196e-01, +3.60371983e-01, +1.47755505e+00, +1.47757331e+00, +1.34016340e-04, +3.92586939e-03, +1.77173936e-03, +2.23397741e-03, -1.11254567e-03, +1.28361804e+00, +5.79295023e-01, +7.30430233e-01, -3.63762405e-01, +6.48543874e-05, +1.53266650e-05, +5.91531080e-05, -1.06866332e-04,
+6.34384912e-01, +4.20630463e+02, +3.19180018e+02, +2.91046449e+02, +2.58245971e+02, +1.08782489e+00, +1.08780249e+00, +2.39030495e+01, +2.10965428e+01, +2.90861749e+01, +1.92915919e+01, +9.86558260e-01, +3.60401425e-01, +1.47778046e+00, +1.47779878e+00, +1.34031673e-04, +3.82264029e-03, +1.74183666e-03, +2.17980661e-03, -1.07832940e-03, +1.24977724e+00, +5.69477545e-01, +7.12667809e-01, -3.52549922e-01, +6.26496329e-05, +1.48898289e-05, +5.64859034e-05, -1.02006016e-04,
+6.45935949e-01, +4.28289407e+02, +3.24893981e+02, +2.96232480e+02, +2.62910538e+02, +1.09086521e+00, +1.09084581e+00, +2.39698552e+01, +2.11515155e+01, +2.91757207e+01, +1.93461285e+01, +9.86493495e-01, +3.60430784e-01, +1.47799786e+00, +1.47801619e+00, +1.34046461e-04, +3.71757775e-03, +1.71230604e-03, +2.12596121e-03, -1.04379032e-03, +1.21534821e+00, +5.59786029e-01, +6.95017921e-01, -3.41235285e-01, +6.05046406e-05, +1.44580405e-05, +5.39413598e-05, -9.72924999e-05,
+6.57569704e-01, +4.36003197e+02, +3.30648240e+02, +3.01455316e+02, +2.67609036e+02, +1.09385513e+00, +1.09383834e+00, +2.40355533e+01, +2.12055750e+01, +2.92637914e+01, +1.93997726e+01, +9.86432270e-01, +3.60459397e-01, +1.47820699e+00, +1.47822527e+00, +1.34060686e-04, +3.61042262e-03, +1.68321716e-03, +2.07278703e-03, -1.00866939e-03, +1.18024387e+00, +5.50242158e-01, +6.77592193e-01, -3.29733107e-01, +5.84218771e-05, +1.40313715e-05, +5.15204504e-05, -9.27081639e-05,
+6.69284024e-01, +4.43770405e+02, +3.36441746e+02, +3.06714007e+02, +2.72340900e+02, +1.09679255e+00, +1.09677800e+00, +2.41000981e+01, +2.12586840e+01, +2.93503250e+01, +1.94524898e+01, +9.86376072e-01, +3.60487745e-01, +1.47840757e+00, +1.47842575e+00, +1.34074329e-04, +3.50240131e-03, +1.65466086e-03, +2.02070307e-03, -9.73076962e-04, +1.14486657e+00, +5.40876314e-01, +6.60528362e-01, -3.18079851e-01, +5.64122390e-05, +1.36107013e-05, +4.92110136e-05, -8.82296483e-05,
+6.81076682e-01, +4.51589556e+02, +3.42273414e+02, +3.12007572e+02, +2.77105082e+02, +1.09967360e+00, +1.09966092e+00, +2.41634042e+01, +2.13107722e+01, +2.94352063e+01, +1.95042077e+01, +9.86323096e-01, +3.60515125e-01, +1.47859944e+00, +1.47861745e+00, +1.34087379e-04, +3.39440426e-03, +1.62679848e-03, +1.96993786e-03, -9.37333464e-04, +1.10950486e+00, +5.31740086e-01, +6.43899624e-01, -3.06379544e-01, +5.44875854e-05, +1.31970703e-05, +4.69847553e-05, -8.38436281e-05,
+6.92945381e-01, +4.59459125e+02, +3.48142128e+02, +3.17334995e+02, +2.81900821e+02, +1.10249551e+00, +1.10248438e+00, +2.42254108e+01, +2.13617899e+01, +2.95183531e+01, +1.95548776e+01, +9.86274092e-01, +3.60541829e-01, +1.47878263e+00, +1.47880045e+00, +1.34099839e-04, +3.28661246e-03, +1.59986636e-03, +1.91987145e-03, -9.01646090e-04, +1.07421834e+00, +5.22910993e-01, +6.27503592e-01, -2.94700023e-01, +5.26564006e-05, +1.27925968e-05, +4.48277091e-05, -7.95547502e-05,
+7.04887754e-01, +4.67377545e+02, +3.54046735e+02, +3.22695227e+02, +2.86726922e+02, +1.10525642e+00, +1.10524657e+00, +2.42860769e+01, +2.14117035e+01, +2.95997100e+01, +1.96044628e+01, +9.86227154e-01, +3.60567224e-01, +1.47895741e+00, +1.47897499e+00, +1.34111725e-04, +3.17956379e-03, +1.57400005e-03, +1.86978911e-03, -8.66021717e-04, +1.03918038e+00, +5.14432192e-01, +6.11105263e-01, -2.83042844e-01, +5.08957671e-05, +1.23961371e-05, +4.27487888e-05, -7.53761997e-05,
+7.16901366e-01, +4.75343200e+02, +3.59986050e+02, +3.28087187e+02, +2.91582564e+02, +1.10795490e+00, +1.10794611e+00, +2.43453713e+01, +2.14604873e+01, +2.96792340e+01, +1.96529385e+01, +9.86183397e-01, +3.60591822e-01, +1.47912419e+00, +1.47914151e+00, +1.34123068e-04, +3.07397098e-03, +1.54917110e-03, +1.81963571e-03, -8.30208031e-04, +1.00462479e+00, +5.06294854e-01, +5.94687185e-01, -2.71325779e-01, +4.91831056e-05, +1.20054585e-05, +4.07527974e-05, -7.13006994e-05,
+7.28983717e-01, +4.83354432e+02, +3.65958855e+02, +3.33509763e+02, +2.96466641e+02, +1.11058975e+00, +1.11058177e+00, +2.44032674e+01, +2.15081198e+01, +2.97568892e+01, +1.97002812e+01, +9.86141923e-01, +3.60615338e-01, +1.47928316e+00, +1.47930019e+00, +1.34133879e-04, +2.96992179e-03, +1.52520189e-03, +1.77005876e-03, -7.94019774e-04, +9.70578966e-01, +4.98440355e-01, +5.78460282e-01, -2.59487941e-01, +4.75067219e-05, +1.16185456e-05, +3.88432683e-05, -6.73217752e-05,
+7.41132242e-01, +4.91409541e+02, +3.71963901e+02, +3.38961821e+02, +3.01378481e+02, +1.11315677e+00, +1.11314935e+00, +2.44596732e+01, +2.15545252e+01, +2.98325514e+01, +1.97464185e+01, +9.86104593e-01, +3.60638421e-01, +1.47943419e+00, +1.47945088e+00, +1.34144150e-04, +2.86752093e-03, +1.50188457e-03, +1.72148259e-03, -7.57602643e-04, +9.37078598e-01, +4.90801609e-01, +5.62564156e-01, -2.47577346e-01, +4.58552284e-05, +1.12345672e-05, +3.70176700e-05, -6.34404635e-05,
+7.53344312e-01, +4.99506784e+02, +3.77999907e+02, +3.44442199e+02, +3.06317009e+02, +1.11564734e+00, +1.11564025e+00, +2.45143992e+01, +2.15995477e+01, +2.99059658e+01, +1.97911941e+01, +9.86070689e-01, +3.60660777e-01, +1.47957712e+00, +1.47959346e+00, +1.34153870e-04, +2.76729961e-03, +1.47909356e-03, +1.67385892e-03, -7.21166148e-04, +9.04296129e-01, +4.83337105e-01, +5.46982386e-01, -2.35662143e-01, +4.42322992e-05, +1.08543034e-05, +3.52766059e-05, -5.96588567e-05,
+7.65617239e-01, +5.07644378e+02, +3.84065566e+02, +3.49949710e+02, +3.11281423e+02, +1.11805009e+00, +1.11804309e+00, +2.45671953e+01, +2.16429819e+01, +2.99767962e+01, +1.98344048e+01, +9.86041371e-01, +3.60682784e-01, +1.47971178e+00, +1.47972773e+00, +1.34163027e-04, +2.66971927e-03, +1.45685292e-03, +1.62731289e-03, -6.84791098e-04, +8.72382961e-01, +4.76055171e-01, +5.31756297e-01, -2.23768878e-01, +4.26566120e-05, +1.04814359e-05, +3.36295233e-05, -5.59847894e-05,
+7.77948277e-01, +5.15820503e+02, +3.90159542e+02, +3.55483144e+02, +3.16270481e+02, +1.12035466e+00, +1.12034759e+00, +2.46178341e+01, +2.16846407e+01, +3.00447369e+01, +1.98758622e+01, +9.86015252e-01, +3.60703930e-01, +1.47983813e+00, +1.47985369e+00, +1.34171619e-04, +2.57493080e-03, +1.43529633e-03, +1.58240955e-03, -6.48422514e-04, +8.41386687e-01, +4.68998709e-01, +5.17069556e-01, -2.11879119e-01, +4.11441190e-05, +1.01197101e-05, +3.20755345e-05, -5.24010856e-05,
+7.90334621e-01, +5.24033298e+02, +3.96280471e+02, +3.61041258e+02, +3.21283145e+02, +1.12255395e+00, +1.12254666e+00, +2.46661598e+01, +2.17243961e+01, +3.01095782e+01, +1.99154379e+01, +9.85992728e-01, +3.60724430e-01, +1.47995644e+00, +1.47997160e+00, +1.34179664e-04, +2.48289377e-03, +1.41457436e-03, +1.53966857e-03, -6.11922240e-04, +8.11294052e-01, +4.62217021e-01, +5.03091985e-01, -1.99947690e-01, +3.97072069e-05, +9.77199201e-06, +3.06016994e-05, -4.88741752e-05,
+8.02773414e-01, +5.32280870e+02, +4.02426963e+02, +3.66622787e+02, +3.26318079e+02, +1.12464065e+00, +1.12463301e+00, +2.47120113e+01, +2.17621157e+01, +3.01711033e+01, +1.99529975e+01, +9.85972346e-01, +3.60743779e-01, +1.48006682e+00, +1.48008158e+00, +1.34187169e-04, +2.39390109e-03, +1.39485349e-03, +1.49933185e-03, -5.75307016e-04, +7.82199217e-01, +4.55763738e-01, +4.89901694e-01, -1.87979654e-01, +3.83508880e-05, +9.44001197e-06, +2.92056896e-05, -4.54076702e-05,
+8.15261747e-01, +5.40561290e+02, +4.08597601e+02, +3.72226436e+02, +3.31374238e+02, +1.12660836e+00, +1.12660027e+00, +2.47552484e+01, +2.17976843e+01, +3.02291235e+01, +1.99884255e+01, +9.85954512e-01, +3.60762135e-01, +1.48016929e+00, +1.48018366e+00, +1.34194137e-04, +2.30824980e-03, +1.37629996e-03, +1.46135156e-03, -5.38647261e-04, +7.54199303e-01, +4.49693299e-01, +4.77483124e-01, -1.75998017e-01, +3.70743891e-05, +9.12525504e-06, +2.78944581e-05, -4.20237461e-05,
+8.27796662e-01, +5.48872597e+02, +4.14790946e+02, +3.77850890e+02, +3.36450252e+02, +1.12845775e+00, +1.12844913e+00, +2.47958854e+01, +2.18311136e+01, +3.02836573e+01, +2.00217313e+01, +9.85938085e-01, +3.60779151e-01, +1.48026414e+00, +1.48027814e+00, +1.34200587e-04, +2.22604649e-03, +1.35896302e-03, +1.42587251e-03, -5.01829594e-04, +7.27328012e-01, +4.44021218e-01, +4.65882910e-01, -1.63965453e-01, +3.58698562e-05, +8.82732657e-06, +2.66663961e-05, -3.87142218e-05,
+8.40375156e-01, +5.57212797e+02, +4.21005536e+02, +3.83494809e+02, +3.41545037e+02, +1.13019062e+00, +1.13018148e+00, +2.48339623e+01, +2.18624366e+01, +3.03347578e+01, +2.00529471e+01, +9.85923772e-01, +3.60795159e-01, +1.48035167e+00, +1.48036531e+00, +1.34206538e-04, +2.14778804e-03, +1.34279466e-03, +1.39318474e-03, -4.64832922e-04, +7.01748024e-01, +4.38732073e-01, +4.55196054e-01, -1.51875129e-01, +3.47325679e-05, +8.54546746e-06, +2.55224175e-05, -3.54653334e-05,
+8.52994180e-01, +5.65579872e+02, +4.27239886e+02, +3.89156837e+02, +3.46657353e+02, +1.13180462e+00, +1.13179496e+00, +2.48694270e+01, +2.18916105e+01, +3.03823547e+01, +2.00820290e+01, +9.85911047e-01, +3.60809937e-01, +1.48043177e+00, +1.48044505e+00, +1.34211984e-04, +2.07393835e-03, +1.32775680e-03, +1.36352052e-03, -4.27760762e-04, +6.77610327e-01, +4.33813146e-01, +4.45498097e-01, -1.39760716e-01, +3.36648863e-05, +8.27994291e-06, +2.44742705e-05, -3.22939686e-05,
+8.65650645e-01, +5.73971772e+02, +4.33492491e+02, +3.94835597e+02, +3.51786182e+02, +1.13329806e+00, +1.13328787e+00, +2.49022428e+01, +2.19186053e+01, +3.04263983e+01, +2.01089469e+01, +9.85900657e-01, +3.60823710e-01, +1.48050422e+00, +1.48051716e+00, +1.34216910e-04, +2.00452342e-03, +1.31386323e-03, +1.33691158e-03, -3.90626296e-04, +6.54923739e-01, +4.29269226e-01, +4.36799650e-01, -1.27626563e-01, +3.26725534e-05, +8.03251263e-06, +2.35260474e-05, -2.92157811e-05,
+8.78341425e-01, +5.82386425e+02, +4.39761831e+02, +4.00529699e+02, +3.56930109e+02, +1.13467112e+00, +1.13466039e+00, +2.49324134e+01, +2.19434239e+01, +3.04668929e+01, +2.01337014e+01, +9.85891677e-01, +3.60836213e-01, +1.48056933e+00, +1.48058195e+00, +1.34221337e-04, +1.93973473e-03, +1.30116228e-03, +1.31304618e-03, -3.53467045e-04, +6.33750015e-01, +4.25115661e-01, +4.28998370e-01, -1.15484732e-01, +3.17605597e-05, +7.80467573e-06, +2.26661249e-05, -2.62206077e-05,
+8.91063359e-01, +5.90821734e+02, +4.46046365e+02, +4.06237730e+02, +3.62087789e+02, +1.13592282e+00, +1.13591157e+00, +2.49599173e+01, +2.19660489e+01, +3.05038097e+01, +2.01562738e+01, +9.85884021e-01, +3.60847565e-01, +1.48062769e+00, +1.48064003e+00, +1.34225305e-04, +1.87976943e-03, +1.28973264e-03, +1.29158465e-03, -3.16346893e-04, +6.14153388e-01, +4.21378100e-01, +4.21983182e-01, -1.03356036e-01, +3.09317659e-05, +7.59763206e-06, +2.18863204e-05, -2.32886820e-05,
+9.03813255e-01, +5.99275584e+02, +4.52344535e+02, +4.11958264e+02, +3.67257781e+02, +1.13704990e+00, +1.13703820e+00, +2.49846830e+01, +2.19864213e+01, +3.05370519e+01, +2.01766032e+01, +9.85876851e-01, +3.60857522e-01, +1.48067958e+00, +1.48069165e+00, +1.34228833e-04, +1.82471819e-03, +1.27964107e-03, +1.27223660e-03, -2.79281727e-04, +5.96162852e-01, +4.18077968e-01, +4.15658816e-01, -9.12455369e-02, +3.01883702e-05, +7.41221861e-06, +2.11888685e-05, -2.04125355e-05,
+9.16587890e-01, +6.07745837e+02, +4.58654771e+02, +4.17689859e+02, +3.72438931e+02, +1.13804701e+00, +1.13803501e+00, +2.50065927e+01, +2.20044442e+01, +3.05664614e+01, +2.01945926e+01, +9.85870571e-01, +3.60866203e-01, +1.48072486e+00, +1.48073670e+00, +1.34231912e-04, +1.77473891e-03, +1.27092209e-03, +1.25472318e-03, -2.42231939e-04, +5.79830177e-01, +4.15226699e-01, +4.09934308e-01, -7.91403105e-02, +2.95375174e-05, +7.24990492e-06, +2.05817427e-05, -1.75878969e-05,
+9.29384018e-01, +6.16230340e+02, +4.64975489e+02, +4.23431061e+02, +3.77629895e+02, +1.13890788e+00, +1.13889576e+00, +2.50255088e+01, +2.20200046e+01, +3.05918531e+01, +2.02101277e+01, +9.85864768e-01, +3.60873459e-01, +1.48076354e+00, +1.48077519e+00, +1.34234542e-04, +1.73054247e-03, +1.26358366e-03, +1.23903267e-03, -2.05130777e-04, +5.65387298e-01, +4.12826711e-01, +4.04805631e-01, -6.70184858e-02, +2.89898226e-05, +7.11193895e-06, +2.00642935e-05, -1.47996757e-05,
+9.42198370e-01, +6.24726928e+02, +4.71305095e+02, +4.29180409e+02, +3.82829416e+02, +1.13962746e+00, +1.13961534e+00, +2.50413202e+01, +2.20330110e+01, +3.06130776e+01, +2.02231162e+01, +9.85859679e-01, +3.60879416e-01, +1.48079579e+00, +1.48080728e+00, +1.34236735e-04, +1.69334057e-03, +1.25761347e-03, +1.22552934e-03, -1.67935547e-04, +5.53230173e-01, +4.10874061e-01, +4.00391878e-01, -5.48661111e-02, +2.85490074e-05, +6.99876931e-06, +1.96329096e-05, -1.20387457e-05,
+9.55027658e-01, +6.33233418e+02, +4.77641985e+02, +4.34936429e+02, +3.88036141e+02, +1.14020312e+00, +1.14019102e+00, +2.50539695e+01, +2.20434162e+01, +3.06300577e+01, +2.02335095e+01, +9.85855015e-01, +3.60883989e-01, +1.48082170e+00, +1.48083305e+00, +1.34238496e-04, +1.66382856e-03, +1.25299800e-03, +1.21452068e-03, -1.30643582e-04, +5.43585752e-01, +4.09364207e-01, +3.96793367e-01, -4.26822761e-02, +2.82031181e-05, +6.90886430e-06, +1.92898978e-05, -9.31156643e-06,
+9.67868579e-01, +6.41747622e+02, +4.83984549e+02, +4.40697643e+02, +3.93248836e+02, +1.14063303e+00, +1.14062092e+00, +2.50634160e+01, +2.20511869e+01, +3.06427386e+01, +2.02412732e+01, +9.85851058e-01, +3.60887281e-01, +1.48084125e+00, +1.48085250e+00, +1.34239825e-04, +1.64202875e-03, +1.24970734e-03, +1.20607674e-03, -9.33061562e-05, +5.36461432e-01, +4.08287485e-01, +3.94033086e-01, -3.04837258e-02, +2.79408209e-05, +6.84102646e-06, +1.90345937e-05, -6.62260943e-06,
+9.80717818e-01, +6.50267342e+02, +4.90331168e+02, +4.46462569e+02, +3.98466267e+02, +1.14091695e+00, +1.14090480e+00, +2.50696546e+01, +2.20563186e+01, +3.06511133e+01, +2.02464018e+01, +9.85847973e-01, +3.60889326e-01, +1.48085435e+00, +1.48086553e+00, +1.34240715e-04, +1.62778209e-03, +1.24764830e-03, +1.20023816e-03, -5.59642387e-05, +5.31805290e-01, +4.07613509e-01, +3.92124358e-01, -1.82838222e-02, +2.77619641e-05, +6.79522179e-06, +1.88653425e-05, -3.96196732e-06,
+9.93572051e-01, +6.58790372e+02, +4.96680223e+02, +4.52229721e+02, +4.03687267e+02, +1.14105758e+00, +1.14104539e+00, +2.50727446e+01, +2.20588605e+01, +3.06552614e+01, +2.02489428e+01, +9.85846306e-01, +3.60890306e-01, +1.48086091e+00, +1.48087205e+00, +1.34241161e-04, +1.62081011e-03, +1.24667237e-03, +1.19717455e-03, -1.86445624e-05, +5.29526613e-01, +4.07293978e-01, +3.91122797e-01, -6.09126998e-03, +2.76718513e-05, +6.77213357e-06, +1.87800863e-05, -1.31786207e-06,
+1.00000000e+00, +6.63052440e+02, +4.96680223e+02, +4.52229721e+02, +4.06298936e+02, +1.14105758e+00, +1.14104539e+00, +2.50727446e+01, +2.20588605e+01, +3.06552614e+01, +2.02489428e+01, +9.85846306e-01, +3.60890306e-01, +1.48086091e+00, +1.48087205e+00, +1.34241161e-04, +1.62081011e-03, +1.24667237e-03, +1.19717455e-03, -1.86445624e-05, +5.29526613e-01, +4.07293978e-01, +3.91122797e-01, -6.09126998e-03, +2.76718513e-05, +6.77213357e-06, +1.87800863e-05, -1.31786207e-06,
